{"cameraMode":{"drawMode":0,"name":"Shaded","section":"Shading Mode"},"sceneLighting":false,"audioPlay":false,"sceneViewState":{"showFog":true,"showMaterialUpdate":true,"showSkybox":true,"showFlares":true,"showImageEffects":true,"showParticleSystems":true},"in2DMode":false,"pivot":{"x":905.0847778320313,"y":1493.444091796875,"z":209.74658203125},"rotation":{"x":0.16116997599601746,"y":0.03847958892583847,"z":-0.006288827862590551,"w":0.986156165599823},"size":2332.372802734375,"orthographic":false}